{
  "Total" : {
    "transaction" : "Total",
    "sampleCount" : 10,
    "errorCount" : 0,
    "errorPct" : 0.0,
    "meanResTime" : 7614.4,
    "medianResTime" : 6714.5,
    "minResTime" : 2290.0,
    "maxResTime" : 19826.0,
    "pct1ResTime" : 19389.300000000003,
    "pct2ResTime" : 19826.0,
    "pct3ResTime" : 19826.0,
    "throughput" : 0.5042355788624445,
    "receivedKBytesPerSec" : 415.8398319319786,
    "sentKBytesPerSec" : 0.058105271782977
  },
  "HTTP Request" : {
    "transaction" : "HTTP Request",
    "sampleCount" : 10,
    "errorCount" : 0,
    "errorPct" : 0.0,
    "meanResTime" : 7614.4,
    "medianResTime" : 6714.5,
    "minResTime" : 2290.0,
    "maxResTime" : 19826.0,
    "pct1ResTime" : 19389.300000000003,
    "pct2ResTime" : 19826.0,
    "pct3ResTime" : 19826.0,
    "throughput" : 0.5042355788624445,
    "receivedKBytesPerSec" : 415.8398319319786,
    "sentKBytesPerSec" : 0.058105271782977
  }
}